month,capex_vs_revenue_growth,capex_intensity,semis_inventory_build,mag7_concentration,forward_pe_premium,nasdaq100_breadth,capex_vs_revenue_growth_score,capex_intensity_score,semis_inventory_build_score,mag7_concentration_score,forward_pe_premium_score,nasdaq100_breadth_score,abi_h6,label
2013-01,,,21.085723,8.462949,,84.0,,,100,0,,0,,
2013-02,,,17.85458,8.298483,,80.0,,,75,0,,25,,
2013-03,,,15.498795,8.05599,,84.210526,,,75,0,,0,,
2013-04,,,10.424311,8.231571,,88.157895,,,75,0,,0,,
2013-05,1.547732,9.937048,6.955947,8.37398,,85.897436,25.0,0.0,50,0,,0,,
2013-06,1.547732,9.937048,7.501588,8.150241,,79.487179,25.0,0.0,50,0,,25,,
2013-07,2.773825,10.166243,8.866257,8.277234,,92.307692,50.0,25.0,50,0,,0,,
2013-08,2.773825,10.166243,-0.080521,8.815618,,81.25,50.0,25.0,0,0,,0,,
2013-09,2.773825,10.166243,4.310811,8.781302,,85.0,50.0,25.0,25,0,,0,,
2013-10,2.81316,10.717106,9.871842,9.216371,,88.75,50.0,25.0,50,0,,0,,
2013-11,3.600136,10.543399,9.123361,9.370253,,87.5,75.0,25.0,50,0,,0,,
2013-12,3.600136,10.543399,9.693082,9.385733,,91.25,75.0,25.0,50,0,,0,,
2014-01,3.251548,11.136595,-12.171192,9.462817,,85.0,75.0,25.0,0,0,,0,,
2014-02,2.569845,10.638295,-9.439965,9.515832,,88.75,50.0,25.0,0,0,,0,,
2014-03,2.569845,10.638295,-15.331276,9.267245,,91.25,50.0,25.0,0,0,,0,,
2014-04,1.726935,10.25726,-7.454079,9.318642,,81.25,25.0,25.0,0,0,,0,,
2014-05,1.726935,10.25726,-9.542016,9.43966,,82.5,25.0,25.0,0,0,,0,,
2014-06,1.726935,10.25726,-11.467458,9.540616,,87.5,25.0,25.0,0,0,,0,,
2014-07,1.336409,11.264808,-4.834503,9.87309,,76.25,0.0,25.0,0,0,,25,,
2014-08,1.336409,11.264808,-4.603988,10.057169,,87.5,0.0,25.0,0,0,,0,,
2014-09,1.336409,11.264808,-13.113821,10.188181,,77.5,0.0,25.0,0,0,,25,,
2014-10,0.900354,10.474564,-23.572075,10.069876,,76.25,0.0,25.0,0,0,,25,,
2014-11,0.900354,10.474564,-23.205304,10.278961,,80.0,0.0,25.0,0,0,,25,,
2014-12,0.900354,10.474564,-24.707932,9.827503,,77.5,0.0,25.0,0,0,,25,,
2015-01,0.315634,9.396578,-14.102909,10.120271,,70.0,0.0,0.0,0,0,,50,,
2015-02,0.93143,10.643438,-14.093825,10.324439,,85.0,0.0,25.0,0,0,,0,,
2015-03,0.93143,10.643438,-13.652011,10.178577,,68.75,0.0,25.0,0,0,,50,,
2015-04,0.804968,10.341188,-9.996444,10.570371,,70.0,0.0,25.0,0,0,,50,,
2015-05,0.804968,10.341188,-12.052264,10.505605,,70.0,0.0,25.0,0,0,,50,,
2015-06,0.804968,10.341188,-14.969889,10.517011,,51.25,0.0,25.0,0,0,,75,,
2015-07,0.618523,10.257843,-11.324684,10.925053,,61.25,0.0,25.0,0,0,,50,,
2015-08,0.618523,10.257843,-10.756314,11.023279,58.081752,36.25,0.0,25.0,0,0,75.0,100,26.388889,HEALTHY
2015-09,0.618523,10.257843,-1.777137,11.210519,63.022215,37.5,0.0,25.0,0,0,100.0,100,30.555556,HEALTHY
2015-10,0.122718,9.413909,1.441109,11.797466,86.865573,62.5,0.0,0.0,25,0,100.0,50,26.388889,HEALTHY
2015-11,0.81255,10.350684,-3.295052,11.928575,86.667861,66.25,0.0,25.0,0,0,100.0,50,25.0,HEALTHY
2015-12,0.81255,10.350684,0.898755,11.839715,88.732794,62.5,0.0,25.0,25,0,100.0,50,29.166667,HEALTHY
2016-01,1.074613,9.180398,4.914752,11.930889,85.139294,35.0,0.0,0.0,25,0,100.0,100,31.944444,HEALTHY
2016-02,0.530874,8.465128,7.681517,11.52562,76.951352,42.5,0.0,0.0,50,0,100.0,100,36.111111,HEALTHY
2016-03,0.530874,8.465128,3.02614,11.778671,92.731363,70.37037,0.0,0.0,25,0,100.0,25,23.611111,HEALTHY
2016-04,2.011417,11.542003,5.214656,11.057112,86.356941,69.512195,50.0,25.0,50,0,100.0,50,44.444444,ELEVATED
2016-05,2.279969,12.077061,5.720314,11.453491,105.995226,77.108434,50.0,25.0,50,0,100.0,25,41.666667,ELEVATED
2016-06,2.279969,12.077061,28.29856,10.975068,99.240499,67.46988,50.0,25.0,100,0,100.0,50,52.777778,ELEVATED
2016-07,1.532744,11.48826,21.990231,11.602589,79.688911,83.13253,25.0,25.0,100,0,100.0,0,41.666667,ELEVATED
2016-08,1.489471,10.960369,26.419005,11.708948,61.208327,83.13253,0.0,25.0,100,0,100.0,0,36.111111,HEALTHY
2016-09,1.489471,10.960369,16.178922,12.159199,69.749522,81.927711,0.0,25.0,75,0,100.0,0,31.944444,HEALTHY
2016-10,1.631033,10.384339,11.421149,12.476091,75.138129,75.903614,25.0,25.0,75,0,100.0,25,40.277778,ELEVATED
2016-11,1.529398,10.799306,14.399079,11.715168,75.255791,74.698795,25.0,25.0,75,0,100.0,25,40.277778,ELEVATED
2016-12,1.529398,10.799306,15.238668,11.766507,90.837132,74.698795,25.0,25.0,75,0,100.0,25,40.277778,ELEVATED
2017-01,0.93986,10.218537,5.320782,12.250339,92.669076,80.722892,0.0,25.0,50,0,100.0,0,27.777778,HEALTHY
2017-02,1.876402,9.763397,9.585361,12.351048,81.849729,90.361446,25.0,0.0,50,0,100.0,0,30.555556,HEALTHY
2017-03,1.876402,9.763397,6.430548,12.807356,63.182628,89.156627,25.0,0.0,50,0,100.0,0,30.555556,HEALTHY
2017-04,1.560783,9.774778,6.430548,13.174976,56.47894,86.746988,25.0,0.0,50,0,75.0,0,26.388889,HEALTHY
2017-05,0.454464,9.710383,15.382252,13.915666,70.79924,83.13253,0.0,0.0,75,0,100.0,0,29.166667,HEALTHY
2017-06,0.454464,9.710383,-12.530127,13.414011,68.413426,80.722892,0.0,0.0,0,0,100.0,0,16.666667,VERY_HEALTHY
2017-07,1.134806,9.815043,-12.530127,13.775317,82.274982,78.313253,0.0,0.0,0,0,100.0,25,19.444444,VERY_HEALTHY
2017-08,1.196716,10.344539,-28.755838,14.282844,58.417302,81.927711,0.0,25.0,0,0,75.0,0,15.277778,VERY_HEALTHY
2017-09,1.196716,10.344539,-23.546297,13.782804,61.800963,81.927711,0.0,25.0,0,0,100.0,0,19.444444,VERY_HEALTHY
2017-10,1.35934,10.532689,-22.438099,14.715818,76.553058,78.313253,0.0,25.0,0,0,100.0,25,22.222222,HEALTHY
2017-11,1.470876,10.907874,-29.750755,14.462221,60.299396,79.518072,0.0,25.0,0,0,100.0,25,22.222222,HEALTHY
2017-12,1.470876,10.907874,-24.597962,14.333884,42.512081,80.722892,0.0,25.0,0,0,75.0,0,15.277778,VERY_HEALTHY
2018-01,1.768343,10.971365,-24.597962,14.860138,115.684687,86.746988,25.0,25.0,0,0,100.0,0,25.0,HEALTHY
2018-02,1.947789,11.230878,-34.833938,15.561163,98.204788,79.518072,25.0,25.0,0,0,100.0,25,27.777778,HEALTHY
2018-03,1.947789,11.230878,-38.303839,15.061226,61.800363,68.674699,25.0,25.0,0,0,100.0,50,30.555556,HEALTHY
2018-04,3.923247,15.771389,-38.303839,15.381078,41.163786,51.807229,75.0,50.0,0,0,75.0,75,43.055556,ELEVATED
2018-05,3.923247,15.771389,-51.793218,16.219922,39.765506,69.879518,75.0,50.0,0,0,50.0,50,36.111111,HEALTHY
2018-06,3.923247,15.771389,-44.668156,16.329436,32.634385,63.855422,75.0,50.0,0,0,50.0,50,36.111111,HEALTHY
2018-07,3.445408,14.768211,-44.668156,16.344688,38.446727,74.698795,75.0,25.0,0,0,50.0,25,30.555556,HEALTHY
2018-08,3.394217,15.340505,-32.669437,17.324442,28.722423,79.518072,75.0,50.0,0,0,50.0,25,33.333333,HEALTHY
2018-09,3.394217,15.340505,-33.420776,17.06785,29.350905,71.084337,75.0,50.0,0,0,50.0,25,33.333333,HEALTHY
2018-10,2.129011,14.577695,-18.706788,16.546753,2.304479,40.963855,50.0,25.0,0,0,25.0,100,29.166667,HEALTHY
2018-11,2.129011,14.577695,-4.399682,15.470355,-5.291489,51.807229,50.0,25.0,0,0,0.0,75,22.222222,HEALTHY
2018-12,2.129011,14.577695,1.223349,15.382152,-15.473428,22.891566,50.0,25.0,25,0,0.0,100,29.166667,HEALTHY
2019-01,2.050761,14.606191,1.223349,15.588755,-38.856298,51.807229,50.0,25.0,25,0,0.0,75,26.388889,HEALTHY
2019-02,2.21189,15.199644,27.403238,15.374104,-31.580208,71.084337,50.0,50.0,100,0,0.0,25,36.111111,HEALTHY
2019-03,2.21189,15.199644,42.749503,16.068448,-18.202243,79.518072,50.0,50.0,100,0,0.0,25,36.111111,HEALTHY
2019-04,-0.086728,13.028425,42.749503,16.60913,-14.763316,85.542169,0.0,25.0,100,0,0.0,0,19.444444,VERY_HEALTHY
2019-05,-0.086728,13.028425,49.762735,16.059953,-21.809693,61.904762,0.0,25.0,100,0,0.0,50,25.0,HEALTHY
2019-06,-0.086728,13.028425,55.9773,16.173366,0.256099,83.333333,0.0,25.0,100,0,25.0,0,23.611111,HEALTHY
2019-07,0.174721,12.813348,53.93016,16.586126,2.072425,86.904762,0.0,25.0,100,0,25.0,0,23.611111,HEALTHY
2019-08,0.361127,13.719449,33.475281,16.539393,3.733097,77.380952,0.0,25.0,100,0,25.0,25,26.388889,HEALTHY
2019-09,0.361127,13.719449,35.250305,16.548111,8.405979,75.294118,0.0,25.0,100,0,25.0,25,26.388889,HEALTHY
2019-10,0.782078,13.396007,31.374997,17.181696,16.1046,76.470588,0.0,25.0,100,0,25.0,25,26.388889,HEALTHY
2019-11,0.782078,13.396007,19.190136,17.373805,31.336319,85.882353,0.0,25.0,75,0,50.0,0,23.611111,HEALTHY
2019-12,0.782078,13.396007,11.321847,17.790441,40.893135,89.411765,0.0,25.0,75,0,75.0,0,27.777778,HEALTHY
2020-01,0.766686,12.937805,11.321847,18.88018,39.314435,85.882353,0.0,25.0,75,0,50.0,0,23.611111,HEALTHY
2020-02,0.244539,12.065923,-19.539473,19.151709,32.423353,49.411765,0.0,25.0,0,0,50.0,100,22.222222,HEALTHY
2020-03,0.244539,12.065923,-22.303152,20.555149,27.098947,26.744186,0.0,25.0,0,25,50.0,100,27.777778,HEALTHY
2020-04,1.680098,12.87029,-21.341056,21.569411,40.632057,51.162791,25.0,25.0,0,25,75.0,75,34.722222,HEALTHY
2020-05,2.444027,13.602913,-16.585745,21.588005,44.937858,72.093023,50.0,25.0,0,25,75.0,25,34.722222,HEALTHY
2020-06,2.444027,13.602913,-26.190782,23.23266,59.528802,75.581395,50.0,25.0,0,25,75.0,25,34.722222,HEALTHY
2020-07,1.678208,13.08948,-17.66973,24.246677,69.640206,78.16092,25.0,25.0,0,25,100.0,25,33.333333,HEALTHY
2020-08,1.678208,13.08948,-11.145876,25.967838,96.099499,82.758621,25.0,25.0,0,50,100.0,0,36.111111,HEALTHY
2020-09,1.678208,13.08948,-9.78416,24.620915,95.57263,79.310345,25.0,25.0,0,25,100.0,25,33.333333,HEALTHY
2020-10,1.934328,13.401006,-21.52466,24.658582,79.028928,73.563218,25.0,25.0,0,25,100.0,25,33.333333,HEALTHY
2020-11,1.934328,13.401006,-16.642594,24.027907,82.104638,91.954023,25.0,25.0,0,25,100.0,0,30.555556,HEALTHY
2020-12,1.934328,13.401006,-14.327213,24.351743,75.999677,90.804598,25.0,25.0,0,25,100.0,0,30.555556,HEALTHY
2021-01,1.44257,12.334329,-5.450425,24.909312,73.800845,88.505747,0.0,25.0,0,25,100.0,0,25.0,HEALTHY
2021-02,1.708588,11.889522,4.400153,23.649377,69.949145,81.609195,25.0,25.0,25,25,100.0,0,34.722222,HEALTHY
2021-03,1.708588,11.889522,0.511579,23.121463,53.597459,86.206897,25.0,25.0,25,25,75.0,0,30.555556,HEALTHY
2021-04,0.91071,12.600359,-15.662441,24.054471,60.029899,88.505747,0.0,25.0,0,25,100.0,0,25.0,HEALTHY
2021-05,0.91071,12.600359,-23.81059,23.198277,50.375501,86.206897,0.0,25.0,0,25,75.0,0,20.833333,HEALTHY
2021-06,0.91071,12.600359,-23.062413,24.517301,62.312722,91.954023,0.0,25.0,0,25,100.0,0,25.0,HEALTHY
2021-07,1.033106,12.839559,-33.869633,24.830895,57.404817,86.363636,0.0,25.0,0,25,75.0,0,20.833333,HEALTHY
2021-08,1.033106,12.839559,-36.424214,25.53553,21.095257,86.363636,0.0,25.0,0,50,50.0,0,22.222222,HEALTHY
2021-09,1.033106,12.839559,-36.26603,25.083614,7.120343,68.131868,0.0,25.0,0,50,25.0,50,23.611111,HEALTHY
2021-10,0.915815,13.093687,-21.608875,26.047965,20.792718,74.725275,0.0,25.0,0,50,50.0,25,25.0,HEALTHY
2021-11,0.915815,13.093687,-17.486475,27.388441,5.786448,70.32967,0.0,25.0,0,50,25.0,25,20.833333,HEALTHY
2021-12,0.915815,13.093687,-11.509186,26.48634,4.916065,74.725275,0.0,25.0,0,50,25.0,25,20.833333,HEALTHY
2022-01,1.129619,12.723026,-9.661645,26.032716,-9.675434,43.478261,0.0,25.0,0,50,0.0,100,25.0,HEALTHY
2022-02,1.235535,12.384325,-10.22594,25.596391,-11.672567,36.956522,0.0,25.0,0,50,0.0,100,25.0,HEALTHY
2022-03,1.235535,12.384325,3.344514,26.280209,22.785744,45.652174,0.0,25.0,25,50,50.0,100,37.5,HEALTHY
2022-04,2.168725,14.385794,3.344514,24.460829,-4.751234,19.565217,50.0,25.0,25,25,0.0,100,34.722222,HEALTHY
2022-05,2.168725,14.385794,5.267408,23.516508,-3.416326,22.826087,50.0,25.0,50,25,0.0,100,38.888889,HEALTHY
2022-06,2.168725,14.385794,5.186718,23.445687,-19.571051,9.782609,50.0,25.0,50,25,0.0,100,38.888889,HEALTHY
2022-07,3.317884,15.571948,9.935033,24.809026,-8.99704,29.347826,75.0,50.0,50,25,0.0,100,47.222222,ELEVATED
2022-08,3.317884,15.571948,28.003654,24.432605,-12.230118,22.826087,75.0,50.0,100,25,0.0,100,55.555556,ELEVATED
2022-09,3.317884,15.571948,25.509958,23.838794,-27.542996,8.695652,75.0,50.0,100,25,0.0,100,55.555556,ELEVATED
2022-10,4.995123,17.444946,40.654172,21.998228,-22.440548,29.347826,100.0,50.0,100,25,0.0,100,61.111111,SPECULATIVE
2022-11,4.995123,17.444946,66.461296,21.332772,4.824727,56.989247,100.0,50.0,100,25,25.0,75,62.5,SPECULATIVE
2022-12,4.995123,17.444946,77.987842,19.992645,-7.481371,44.086022,100.0,50.0,100,0,0.0,100,55.555556,ELEVATED
2023-01,7.287191,17.284721,77.987842,21.370949,11.079331,68.817204,100.0,50.0,100,25,25.0,50,59.722222,ELEVATED
2023-02,11.515218,15.279096,85.908059,22.238966,49.853323,58.064516,100.0,50.0,100,25,75.0,75,70.833333,SPECULATIVE
2023-03,11.515218,15.279096,77.142665,24.309252,71.645501,75.268817,100.0,50.0,100,25,100.0,25,69.444444,SPECULATIVE
2023-04,0.403718,14.138034,77.142665,24.655129,69.0993,70.967742,0.0,25.0,100,25,100.0,25,44.444444,ELEVATED
2023-05,0.403718,14.138034,63.777134,27.238369,99.557983,75.268817,0.0,25.0,100,50,100.0,25,50.0,ELEVATED
2023-06,0.403718,14.138034,62.627568,27.429104,112.532479,81.72043,0.0,25.0,100,50,100.0,0,47.222222,ELEVATED
2023-07,0.227711,13.932363,62.627568,27.492975,120.801104,87.096774,0.0,25.0,100,50,100.0,0,47.222222,ELEVATED
2023-08,-0.376313,13.274607,27.115281,27.781977,33.041153,81.72043,0.0,25.0,100,50,50.0,0,38.888889,HEALTHY
2023-09,-0.376313,13.274607,24.629108,27.357061,18.928833,69.892473,0.0,25.0,100,50,25.0,50,40.277778,ELEVATED
2023-10,0.244038,13.983298,15.273245,27.830382,14.010747,56.382979,0.0,25.0,75,50,25.0,75,38.888889,HEALTHY
2023-11,0.244038,13.983298,-27.410316,28.388242,-4.079825,79.787234,0.0,25.0,0,50,0.0,25,16.666667,VERY_HEALTHY
2023-12,0.244038,13.983298,-48.168898,27.926432,0.891396,90.425532,0.0,25.0,0,50,25.0,0,18.055556,VERY_HEALTHY
2024-01,0.691508,14.086667,-53.793256,28.188482,10.881748,80.851064,0.0,25.0,0,50,25.0,0,18.055556,VERY_HEALTHY
2024-02,1.046493,14.038984,-69.962679,28.88429,4.966099,81.914894,0.0,25.0,0,50,25.0,0,18.055556,VERY_HEALTHY
2024-03,1.046493,14.038984,-86.144654,28.610337,17.017864,84.042553,0.0,25.0,0,50,25.0,0,18.055556,VERY_HEALTHY
2024-04,1.881285,14.689654,-86.144654,28.97164,9.261683,74.468085,25.0,25.0,0,50,25.0,25,26.388889,HEALTHY
2024-05,2.154529,15.147435,-78.561997,30.50981,6.696991,74.468085,50.0,50.0,0,75,25.0,25,40.277778,ELEVATED
2024-06,2.154529,15.147435,-87.717201,32.148145,26.456666,76.595745,50.0,50.0,0,75,50.0,25,44.444444,ELEVATED
2024-07,2.12048,16.240856,-89.517962,31.05566,20.073879,78.947368,50.0,50.0,0,75,50.0,25,44.444444,ELEVATED
2024-08,3.829812,17.454713,-47.743737,30.367363,-9.631462,80.0,75.0,50.0,0,75,0.0,25,41.666667,ELEVATED
2024-09,3.829812,17.454713,-47.526531,30.832348,-49.072821,74.736842,75.0,50.0,0,75,0.0,25,41.666667,ELEVATED
2024-10,3.219615,17.450832,-49.105361,31.109785,-51.151339,62.105263,75.0,50.0,0,75,0.0,50,44.444444,ELEVATED
2024-11,3.620554,18.033376,-40.504538,31.022765,-55.744331,71.578947,75.0,50.0,0,75,0.0,25,41.666667,ELEVATED
2024-12,3.620554,18.033376,-41.921124,32.965145,63.254925,53.684211,75.0,50.0,0,75,100.0,75,63.888889,SPECULATIVE
2025-01,5.010095,20.385958,-41.921124,31.948344,53.729094,62.5,100.0,75.0,0,75,75.0,50,65.277778,SPECULATIVE
2025-02,4.943609,20.532418,-29.260921,30.813882,58.98798,58.333333,100.0,75.0,0,75,75.0,75,68.055556,SPECULATIVE
2025-03,4.943609,20.532418,-9.100344,29.57432,1.618803,41.666667,100.0,75.0,0,50,25.0,100,56.944444,ELEVATED
2025-04,4.906678,21.897949,-9.100344,29.758275,9.358891,42.708333,100.0,75.0,0,50,25.0,100,56.944444,ELEVATED
2025-05,5.318001,22.403127,-7.706539,31.230897,32.540516,60.416667,100.0,75.0,0,75,50.0,50,61.111111,SPECULATIVE
2025-06,5.318001,22.403127,-4.648093,32.017526,30.908101,76.041667,100.0,75.0,0,75,50.0,25,58.333333,ELEVATED
2025-07,4.238667,24.12436,-4.648093,33.428037,38.594663,66.666667,100.0,75.0,0,75,50.0,50,61.111111,SPECULATIVE
2025-08,4.164706,24.903975,6.483445,33.179277,32.210513,70.103093,100.0,75.0,50,75,50.0,25,66.666667,SPECULATIVE
2025-09,4.164706,24.903975,7.414673,34.098966,17.763978,65.979381,100.0,75.0,50,75,25.0,50,65.277778,SPECULATIVE
2025-10,4.005432,26.149226,2.95805,35.17911,24.694962,62.886598,100.0,100.0,25,100,50.0,50,73.611111,SPECULATIVE
2025-11,4.005432,26.149226,9.421095,34.359707,19.453591,60.204082,100.0,100.0,50,75,25.0,50,68.055556,SPECULATIVE
2025-12,4.005432,26.149226,8.717577,34.467975,1.773267,64.285714,100.0,100.0,50,75,25.0,50,68.055556,SPECULATIVE
2026-01,3.948588,28.836234,8.717577,33.898137,-6.906991,57.575758,75.0,100.0,50,75,0.0,75,61.111111,SPECULATIVE
2026-02,3.803846,28.862706,-4.618137,32.033386,-17.160792,59.59596,75.0,100.0,0,75,0.0,75,52.777778,ELEVATED
2026-03,3.803846,28.862706,-33.898664,32.117533,-22.867353,47.474747,75.0,100.0,0,75,0.0,100,55.555556,ELEVATED
2026-04,3.512266,31.950086,-33.898664,33.576127,-6.922535,62.626263,75.0,100.0,0,75,0.0,50,50.0,ELEVATED
2026-05,3.512266,31.950086,-37.195935,34.098189,-6.265837,61.616162,75.0,100.0,0,75,0.0,50,50.0,ELEVATED
2026-06,3.512266,31.950086,-62.725899,31.403346,-25.662698,59.59596,75.0,100.0,0,75,0.0,75,52.777778,ELEVATED
2026-07,4.023072,38.457882,-62.725899,33.011006,-19.681997,63.636364,100.0,100.0,0,75,0.0,50,55.555556,ELEVATED
2026-08,4.023072,38.457882,-74.737602,33.51539,-19.539104,68.686869,100.0,100.0,0,75,0.0,50,55.555556,ELEVATED
2026-09,4.023072,38.457882,-85.918949,34.73749,-27.690831,53.535354,100.0,100.0,0,75,0.0,75,58.333333,ELEVATED
