month,rsi,rsi_unsuppressed,band,coverage,sys_labor,sys_financial,sys_real_economy,sys_liquidity,sys_market,sys_consumer
1990-01,-0.0328,-0.0328,EXPANSION,1.0,-0.1333,-0.3086,0.791,-0.6715,0.4332,-1.0
1990-02,-0.1619,-0.1619,EXPANSION,1.0,-0.0917,-0.4711,0.4202,-0.9026,0.3958,-1.0
1990-03,-0.2344,-0.2344,EXPANSION,1.0,-0.1333,-0.4186,0.284,-1.0,0.0348,-1.0
1990-04,-0.2356,-0.2356,EXPANSION,1.0,-0.2167,-0.5,0.2,-1.0,0.6444,-1.0
1990-05,-0.2763,-0.2763,EXPANSION,1.0,-0.2167,-0.5,0.8184,-1.0,-1.0,-1.0
1990-06,-0.1765,-0.1765,EXPANSION,1.0,-0.0719,-0.4933,1.0,-1.0,-0.816,-1.0
1990-07,-0.1035,-0.1035,EXPANSION,1.0,0.1267,-0.5,1.0,-1.0,-0.6652,-1.0
1990-08,0.1362,0.1362,LATE_CYCLE,1.0,0.291,-0.5,1.0,-0.7609,1.0,-1.0
1990-09,0.2618,0.2618,DETERIORATION,1.0,0.6667,-0.5,1.0,-0.6319,1.0,-1.0
1990-10,0.45,0.45,RECESSIONARY_STRESS,1.0,0.9583,-0.2768,1.0,-0.4876,1.0,-0.39
1990-11,0.508,0.508,RECESSIONARY_STRESS,1.0,1.0,-0.073,1.0,-0.1018,0.6641,-0.6
1990-12,0.5299,0.5299,RECESSIONARY_STRESS,1.0,1.0,0.0595,1.0,0.2513,0.1741,-0.55
1991-01,0.4664,0.4664,RECESSIONARY_STRESS,1.0,1.0,0.0586,1.0,0.4821,-0.6244,-0.68
1991-02,0.3734,0.3734,DETERIORATION,1.0,1.0,-0.0863,1.0,0.4502,-1.0,-1.0
1991-03,0.307,0.307,DETERIORATION,1.0,1.0,-0.32,1.0,0.3696,-1.0,-1.0
1991-04,0.2753,0.2753,DETERIORATION,1.0,1.0,-0.3968,1.0,0.2449,-1.0,-1.0
1991-05,0.2275,0.2275,DETERIORATION,1.0,1.0,-0.5,0.8733,0.2781,-1.0,-1.0
1991-06,0.0393,0.0393,LATE_CYCLE,1.0,1.0,-0.5,0.0533,0.0366,-1.0,-1.0
1991-07,-0.0016,-0.0016,EXPANSION,1.0,1.0,-0.5,-0.2,0.1339,-1.0,-1.0
1991-08,0.013,0.013,LATE_CYCLE,1.0,1.0,-0.5,-0.2005,0.2814,-1.0,-1.0
1991-09,0.0608,0.0608,LATE_CYCLE,1.0,0.9164,-0.4355,-0.2,0.6785,-0.831,-1.0
1991-10,0.1174,0.1174,LATE_CYCLE,1.0,0.9911,-0.3359,-0.3371,0.9455,-0.7311,-1.0
1991-11,0.1541,0.1541,LATE_CYCLE,1.0,0.8738,-0.2632,-0.6238,0.9381,0.3415,-0.91
1991-12,0.2027,0.2027,DETERIORATION,1.0,1.0,-0.1295,-0.0675,0.8955,-1.0,-0.82
1992-01,0.1264,0.1264,LATE_CYCLE,1.0,1.0,-0.7024,0.2,0.9526,-0.9579,-0.75
1992-02,0.0702,0.0702,LATE_CYCLE,1.0,0.9929,-0.9116,0.2,1.0,-0.9581,-0.88
1992-03,-0.1186,-0.1186,EXPANSION,1.0,0.9787,-1.0,-0.8467,1.0,-0.4287,-1.0
1992-04,-0.1966,-0.1966,EXPANSION,1.0,0.9342,-1.0,-1.0,1.0,-0.7684,-1.0
1992-05,-0.2451,-0.2451,EXPANSION,1.0,0.7316,-1.0,-1.0,1.0,-0.6461,-1.0
1992-06,-0.3005,-0.3005,EXPANSION,1.0,0.4062,-1.0,-1.0,1.0,-0.2238,-1.0
1992-07,-0.316,-0.316,EXPANSION,1.0,0.3973,-0.8077,-1.0,1.0,-0.8325,-1.0
1992-08,-0.2035,-0.2035,EXPANSION,1.0,0.5076,-0.7329,-1.0,1.0,-0.2254,-1.0
1992-09,-0.1636,-0.1636,EXPANSION,1.0,0.52,-0.5986,-1.0,1.0,-0.1995,-1.0
1992-10,-0.1414,-0.1414,EXPANSION,1.0,0.5644,-0.549,-1.0,1.0,-0.2342,-1.0
1992-11,-0.2867,-0.2867,EXPANSION,1.0,0.3849,-0.7153,-1.0,1.0,-0.7335,-1.0
1992-12,-0.3309,-0.3309,EXPANSION,1.0,0.3059,-0.7595,-1.0,1.0,-0.8279,-1.0
1993-01,-0.4409,-0.4409,EXPANSION,1.0,-0.0917,-0.7337,-1.0,1.0,-0.8002,-1.0
1993-02,-0.4691,-0.4691,EXPANSION,1.0,-0.2167,-0.6653,-1.0,1.0,-0.8776,-1.0
1993-03,-0.4974,-0.4974,EXPANSION,1.0,-0.3,-0.6296,-1.0,1.0,-1.0,-1.0
1993-04,-0.4084,-0.4084,EXPANSION,1.0,-0.3,-0.629,-0.856,1.0,-0.399,-1.0
1993-05,-0.4242,-0.4242,EXPANSION,1.0,-0.3,-0.6215,-0.7756,1.0,-0.7376,-1.0
1993-06,-0.4447,-0.4447,EXPANSION,1.0,-0.3,-0.6932,-0.867,1.0,-0.5802,-1.0
1993-07,-0.4216,-0.4216,EXPANSION,1.0,-0.3,-0.6719,-0.9033,1.0,-0.3298,-1.0
1993-08,-0.4225,-0.4225,EXPANSION,1.0,-0.3,-0.8827,-0.4,1.0,-0.8178,-1.0
1993-09,-0.3982,-0.3982,EXPANSION,1.0,-0.3,-0.8181,-0.5267,1.0,-0.4831,-1.0
1993-10,-0.5042,-0.5042,EXPANSION,1.0,-0.3,-0.82,-0.93,1.0,-0.7317,-1.0
1993-11,-0.4919,-0.4919,EXPANSION,1.0,-0.3,-0.8635,-1.0,1.0,-0.3602,-1.0
1993-12,-0.5084,-0.5084,EXPANSION,1.0,-0.3,-0.8891,-1.0,1.0,-0.4616,-1.0
1994-01,-0.5644,-0.5644,EXPANSION,1.0,-0.3,-0.902,-1.0,1.0,-0.9888,-1.0
1994-02,-0.5139,-0.5139,EXPANSION,1.0,-0.3,-1.0,-1.0,1.0,-0.2393,-1.0
1994-03,-0.4232,-0.4232,EXPANSION,1.0,-0.3,-1.0,-1.0,1.0,0.668,-1.0
1994-04,-0.4453,-0.4453,EXPANSION,1.0,-0.3,-1.0,-1.0,1.0,0.4467,-1.0
1994-05,-0.466,-0.466,EXPANSION,1.0,-0.3,-1.0,-1.0,1.0,0.2402,-1.0
1994-06,-0.4211,-0.4211,EXPANSION,1.0,-0.3,-1.0,-1.0,1.0,0.689,-1.0
1994-07,-0.4822,-0.4822,EXPANSION,1.0,-0.3,-1.0,-1.0,1.0,0.0779,-1.0
1994-08,-0.5537,-0.5537,EXPANSION,1.0,-0.3,-1.0,-1.0,1.0,-0.6367,-1.0
1994-09,-0.4978,-0.4978,EXPANSION,1.0,-0.3,-1.0,-1.0,1.0,-0.0781,-1.0
1994-10,-0.537,-0.537,EXPANSION,1.0,-0.3,-1.0,-1.0,1.0,-0.4702,-1.0
1994-11,-0.4681,-0.4681,EXPANSION,1.0,-0.3,-1.0,-1.0,1.0,0.2188,-1.0
1994-12,-0.4959,-0.4959,EXPANSION,1.0,-0.3,-1.0,-1.0,1.0,-0.0589,-1.0
1995-01,-0.4875,-0.4875,EXPANSION,1.0,-0.3,-1.0,-0.7697,1.0,-0.4359,-1.0
1995-02,-0.4885,-0.4885,EXPANSION,1.0,-0.3,-1.0,-0.4925,1.0,-1.0,-1.0
1995-03,-0.488,-0.488,EXPANSION,1.0,-0.3,-1.0,-0.49,1.0,-1.0,-1.0
1995-04,-0.3529,-0.3529,EXPANSION,1.0,-0.3,-1.0,0.1853,1.0,-1.0,-1.0
1995-05,-0.1746,-0.1746,EXPANSION,1.0,-0.3,-0.785,0.8084,1.0,-1.0,-1.0
1995-06,-0.0176,-0.0176,EXPANSION,1.0,-0.0841,-0.5291,0.9496,1.0,-1.0,-1.0
1995-07,-0.0649,-0.0649,EXPANSION,1.0,-0.0559,-0.685,0.8655,1.0,-1.0,-1.0
1995-08,-0.1396,-0.1396,EXPANSION,1.0,0.0216,-0.9226,0.6728,1.0,-1.0,-1.0
1995-09,-0.3604,-0.3604,EXPANSION,1.0,-0.175,-0.7635,-0.3352,1.0,-1.0,-1.0
1995-10,-0.431,-0.431,EXPANSION,1.0,-0.175,-0.6005,-0.7812,0.7782,-1.0,-1.0
1995-11,-0.43,-0.43,EXPANSION,1.0,-0.2583,-0.4124,-0.7601,0.5264,-1.0,-1.0
1995-12,-0.4707,-0.4707,EXPANSION,1.0,-0.3,-0.4175,-0.8644,0.4655,-1.0,-1.0
1996-01,-0.4686,-0.4686,EXPANSION,1.0,-0.3,-0.4924,-0.6594,0.2639,-1.0,-1.0
1996-02,-0.4886,-0.4886,EXPANSION,1.0,0.0243,-0.82,-0.7233,0.0372,-1.0,-1.0
1996-03,-0.5085,-0.5085,EXPANSION,1.0,-0.3,-1.0,0.0467,-0.2787,-1.0,-1.0
1996-04,-0.7635,-0.7635,EXPANSION,1.0,-0.3,-1.0,-1.0,-0.7346,-1.0,-1.0
1996-05,-0.7677,-0.7677,EXPANSION,1.0,-0.3,-1.0,-1.0,-0.7772,-1.0,-1.0
1996-06,-0.741,-0.741,EXPANSION,1.0,-0.3,-1.0,-1.0,-0.5101,-1.0,-1.0
1996-07,-0.6295,-0.6295,EXPANSION,1.0,-0.3,-1.0,-1.0,-0.2663,-0.1286,-1.0
1996-08,-0.6359,-0.6359,EXPANSION,1.0,-0.3,-1.0,-1.0,-0.1768,-0.2824,-1.0
1996-09,-0.6783,-0.6783,EXPANSION,1.0,-0.3,-1.0,-1.0,0.117,-1.0,-1.0
1996-10,-0.6407,-0.6407,EXPANSION,1.0,-0.3,-1.0,-0.8538,0.2004,-1.0,-1.0
1996-11,-0.6194,-0.6194,EXPANSION,1.0,-0.3,-1.0,-0.6776,0.0615,-1.0,-1.0
1996-12,-0.6368,-0.6368,EXPANSION,1.0,-0.3,-1.0,-0.6217,-0.2243,-1.0,-1.0
1997-01,-0.6359,-0.6359,EXPANSION,1.0,-0.2167,-1.0,-0.6197,-0.4694,-1.0,-1.0
1997-02,-0.6267,-0.6267,EXPANSION,1.0,-0.175,-1.0,-0.6657,-0.4106,-1.0,-1.0
1997-03,-0.6569,-0.6569,EXPANSION,1.0,-0.2583,-1.0,-0.7195,-0.3545,-1.0,-1.0
1997-04,-0.6564,-0.6564,EXPANSION,1.0,-0.3,-1.0,-0.7572,-0.1494,-1.0,-1.0
1997-05,-0.6558,-0.6558,EXPANSION,1.0,-0.3,-1.0,-0.7111,-0.2356,-1.0,-1.0
1997-06,-0.6386,-0.6386,EXPANSION,1.0,-0.3,-1.0,-0.6281,-0.2303,-1.0,-1.0
1997-07,-0.6383,-0.6383,EXPANSION,1.0,-0.3,-1.0,-0.596,-0.291,-1.0,-1.0
1997-08,-0.6513,-0.6513,EXPANSION,1.0,-0.3,-1.0,-0.6349,-0.3427,-1.0,-1.0
1997-09,-0.7167,-0.7167,EXPANSION,1.0,-0.3,-1.0,-0.7321,-0.8033,-1.0,-1.0
1997-10,-0.7377,-0.7377,EXPANSION,1.0,-0.3,-0.9168,-0.8938,-0.8979,-1.0,-1.0
1997-11,-0.6759,-0.6759,EXPANSION,1.0,-0.3,-0.5939,-1.0,-0.8745,-1.0,-1.0
1997-12,-0.6516,-0.6516,EXPANSION,1.0,-0.3,-0.5041,-1.0,-0.8554,-1.0,-1.0
1998-01,-0.6055,-0.6055,EXPANSION,1.0,-0.3,-0.3655,-1.0,-0.7412,-1.0,-1.0
1998-02,-0.6108,-0.6108,EXPANSION,1.0,-0.3,-0.3447,-1.0,-0.8463,-1.0,-1.0
1998-03,-0.6614,-0.6614,EXPANSION,1.0,-0.3,-0.4855,-1.0,-1.0,-1.0,-1.0
1998-04,-0.6787,-0.6787,EXPANSION,1.0,-0.3,-0.5548,-1.0,-1.0,-1.0,-1.0
1998-05,-0.6681,-0.6681,EXPANSION,1.0,-0.3,-0.5125,-1.0,-1.0,-1.0,-1.0
1998-06,-0.6331,-0.6331,EXPANSION,1.0,-0.3,-0.3723,-1.0,-1.0,-1.0,-1.0
1998-07,-0.6317,-0.6317,EXPANSION,1.0,-0.3,-0.3668,-1.0,-1.0,-1.0,-1.0
1998-08,-0.4149,-0.4149,EXPANSION,1.0,-0.3,-0.2995,-1.0,-1.0,1.0,-1.0
1998-09,-0.1776,-0.1776,EXPANSION,1.0,-0.3,0.4138,-0.55,-1.0,0.6894,-1.0
1998-10,-0.2683,-0.2683,EXPANSION,1.0,-0.2583,0.3929,-0.39,-1.0,-0.6102,-1.0
1998-11,-0.2013,-0.2013,EXPANSION,1.0,-0.2583,0.4142,0.1133,-1.0,-1.0,-1.0
1998-12,-0.2844,-0.2844,EXPANSION,1.0,-0.3,0.6332,-0.5133,-1.0,-1.0,-1.0
1999-01,-0.3888,-0.3888,EXPANSION,1.0,-0.3,0.49,-0.8567,-1.0,-1.0,-1.0
1999-02,-0.5034,-0.5034,EXPANSION,1.0,-0.3,0.1463,-1.0,-1.0,-1.0,-1.0
1999-03,-0.5812,-0.5812,EXPANSION,1.0,-0.3,-0.1648,-1.0,-1.0,-1.0,-1.0
1999-04,-0.6102,-0.6102,EXPANSION,1.0,-0.3,-0.2809,-1.0,-1.0,-1.0,-1.0
1999-05,-0.6595,-0.6595,EXPANSION,1.0,-0.3,-0.526,-0.94,-1.0,-1.0,-1.0
1999-06,-0.7029,-0.7029,EXPANSION,1.0,-0.3,-0.6845,-0.9589,-1.0,-1.0,-1.0
1999-07,-0.701,-0.701,EXPANSION,1.0,-0.3,-0.6438,-1.0,-1.0,-1.0,-1.0
1999-08,-0.6404,-0.6404,EXPANSION,1.0,-0.3,-0.585,-1.0,-1.0,-0.5414,-1.0
1999-09,-0.5452,-0.5452,EXPANSION,1.0,-0.3,-0.5129,-0.9992,-1.0,0.2282,-1.0
1999-10,-0.6135,-0.6135,EXPANSION,1.0,-0.3,-0.534,-0.8027,-1.0,-0.7941,-1.0
1999-11,-0.5921,-0.5921,EXPANSION,1.0,-0.3,-0.49,-0.6482,-1.0,-1.0,-1.0
1999-12,-0.6678,-0.6678,EXPANSION,1.0,-0.3,-0.8068,-0.6303,-1.0,-1.0,-1.0
2000-01,-0.667,-0.667,EXPANSION,1.0,-0.3,-1.0,-0.5993,-1.0,-0.5716,-1.0
2000-02,-0.5827,-0.5827,EXPANSION,1.0,-0.3,-0.7925,-0.667,-1.0,-0.1116,-1.0
2000-03,-0.4725,-0.4725,EXPANSION,1.0,-0.3,-0.0817,-0.6389,-0.8429,-1.0,-1.0
2000-04,-0.3613,-0.3613,EXPANSION,1.0,-0.3,0.4426,-0.6843,-1.0,-0.9513,-1.0
2000-05,-0.3592,-0.3592,EXPANSION,1.0,-0.3,0.2141,-0.6852,-1.0,-0.3572,-1.0
2000-06,-0.3391,-0.3391,EXPANSION,1.0,-0.3,0.3495,-0.6094,-1.0,-0.646,-1.0
2000-07,-0.2164,-0.2164,EXPANSION,1.0,-0.3,0.4925,-0.4851,-0.9275,-0.0973,-1.0
2000-08,-0.1708,-0.1708,EXPANSION,1.0,-0.1116,0.6291,-0.3437,-0.7582,-1.0,-1.0
2000-09,0.0733,0.0733,LATE_CYCLE,1.0,0.2707,0.747,-0.3229,-0.9061,0.1056,-1.0
2000-10,-0.025,-0.025,EXPANSION,1.0,0.0129,0.8029,-0.4723,-1.0,0.1493,-1.0
2000-11,0.1393,0.1393,LATE_CYCLE,1.0,0.2796,0.7619,-0.425,-1.0,1.0,-1.0
2000-12,0.1729,0.1729,LATE_CYCLE,1.0,-0.0724,0.9825,-0.0485,-0.9131,1.0,-1.0
2001-01,0.259,0.259,DETERIORATION,1.0,-0.1738,0.9676,0.7544,-1.0,0.6833,-1.0
2001-02,0.2738,0.2738,DETERIORATION,1.0,-0.124,0.8811,0.7038,-1.0,1.0,-1.0
2001-03,0.3122,0.3122,DETERIORATION,1.0,0.2126,0.65,0.6799,-1.0,1.0,-1.0
2001-04,0.3989,0.3989,DETERIORATION,1.0,0.7294,0.5,0.5256,-1.0,1.0,-1.0
2001-05,0.3921,0.3921,DETERIORATION,1.0,0.875,0.3805,0.4224,-1.0,1.0,-1.0
2001-06,0.3716,0.3716,DETERIORATION,1.0,0.9167,0.3905,0.2451,-1.0,1.0,-1.0
2001-07,0.3985,0.3985,DETERIORATION,1.0,1.0,0.4338,0.2,-1.0,1.0,-1.0
2001-08,0.4152,0.4152,RECESSIONARY_STRESS,1.0,1.0,0.5,0.201,-1.0,1.0,-1.0
2001-09,0.4288,0.4288,RECESSIONARY_STRESS,1.0,1.0,0.5,0.2689,-1.0,1.0,-1.0
2001-10,0.4423,0.4423,RECESSIONARY_STRESS,1.0,1.0,0.5,0.3363,-1.0,1.0,-1.0
2001-11,0.4124,0.4124,RECESSIONARY_STRESS,1.0,1.0,0.5,0.4133,-1.0,0.547,-1.0
2001-12,0.3881,0.3881,DETERIORATION,1.0,1.0,0.5,0.4431,-1.0,0.2448,-1.0
2002-01,0.3818,0.3818,DETERIORATION,1.0,1.0,0.5,0.283,-1.0,0.5019,-1.0
2002-02,0.2145,0.2145,DETERIORATION,1.0,1.0,0.5,-0.6371,-1.0,0.6688,-1.0
2002-03,0.0541,0.0541,LATE_CYCLE,1.0,1.0,0.5,-0.9881,-1.0,-0.233,-1.0
2002-04,0.1768,0.1768,LATE_CYCLE,1.0,1.0,0.5,-0.8705,-1.0,0.7595,-1.0
2002-05,0.1613,0.1613,LATE_CYCLE,1.0,1.0,0.5,-0.9111,-1.0,0.6856,-1.0
2002-06,0.2099,0.2099,DETERIORATION,1.0,1.0,0.5,-0.8253,-1.0,1.0,-1.0
2002-07,0.1883,0.1883,LATE_CYCLE,1.0,1.0,0.5,-0.9335,-1.0,1.0,-1.0
2002-08,0.175,0.175,LATE_CYCLE,1.0,1.0,0.5,-1.0,-1.0,1.0,-1.0
2002-09,0.2357,0.2357,DETERIORATION,1.0,1.0,0.5,-0.6967,-1.0,1.0,-1.0
2002-10,0.3435,0.3435,DETERIORATION,1.0,1.0,0.5,-0.2467,-0.8213,1.0,-1.0
2002-11,0.2495,0.2495,DETERIORATION,1.0,0.9413,0.5,-0.5367,-1.0,0.9945,-1.0
2002-12,0.2297,0.2297,DETERIORATION,1.0,0.9378,0.5,-0.6333,-1.0,1.0,-1.0
2003-01,0.125,0.125,LATE_CYCLE,1.0,0.8333,0.5,-1.0,-1.0,1.0,-1.0
2003-02,0.0085,0.0085,LATE_CYCLE,1.0,0.7083,0.0,-0.77,-1.0,1.0,-1.0
2003-03,0.0471,0.0471,LATE_CYCLE,1.0,0.625,0.0,-0.4,-1.0,0.8962,-1.0
2003-04,-0.056,-0.056,EXPANSION,1.0,0.5833,0.0,0.0067,-1.0,-0.823,-1.0
2003-05,-0.0553,-0.0553,EXPANSION,1.0,0.6667,0.0,-0.0267,-1.0,-1.0,-1.0
2003-06,-0.081,-0.081,EXPANSION,1.0,0.75,0.0,-0.28,-1.0,-1.0,-1.0
2003-07,-0.1668,-0.1668,EXPANSION,1.0,0.9167,-0.1591,-0.76,-1.0,-1.0,-1.0
2003-08,-0.2142,-0.2142,EXPANSION,1.0,0.9804,-0.2333,-1.0,-1.0,-1.0,-1.0
2003-09,-0.2211,-0.2211,EXPANSION,1.0,1.0,-0.2843,-1.0,-1.0,-1.0,-1.0
2003-10,-0.2996,-0.2996,EXPANSION,1.0,0.7993,-0.3577,-1.0,-1.0,-1.0,-1.0
2003-11,-0.4466,-0.4466,EXPANSION,1.0,0.38,-0.4422,-1.0,-1.0,-1.0,-1.0
2003-12,-0.5223,-0.5223,EXPANSION,1.0,0.0437,-0.4714,-1.0,-0.676,-1.0,-1.0
2004-01,-0.5466,-0.5466,EXPANSION,1.0,-0.0991,-0.5085,-1.0,-0.3974,-1.0,-1.0
2004-02,-0.5338,-0.5338,EXPANSION,1.0,-0.0636,-0.6189,-1.0,-0.0998,-1.0,-1.0
2004-03,-0.5222,-0.5222,EXPANSION,1.0,-0.1062,-0.5122,-1.0,-0.1231,-1.0,-1.0
2004-04,-0.6067,-0.6067,EXPANSION,1.0,-0.3,-0.6886,-1.0,-0.2957,-0.6495,-1.0
2004-05,-0.6284,-0.6284,EXPANSION,1.0,-0.3,-0.7685,-1.0,-0.3148,-0.648,-1.0
2004-06,-0.6506,-0.6506,EXPANSION,1.0,-0.3,-0.75,-1.0,-0.4657,-0.7654,-1.0
2004-07,-0.5009,-0.5009,EXPANSION,1.0,-0.3,-0.6757,-1.0,-0.058,0.1378,-1.0
2004-08,-0.438,-0.438,EXPANSION,1.0,-0.2858,-0.6182,-1.0,0.3346,0.188,-1.0
2004-09,-0.3131,-0.3131,EXPANSION,1.0,0.0698,-0.6571,-1.0,0.6999,0.1031,-1.0
2004-10,-0.4432,-0.4432,EXPANSION,1.0,-0.0244,-0.692,-1.0,0.0143,-0.1429,-1.0
2004-11,-0.6544,-0.6544,EXPANSION,1.0,-0.3,-0.791,-0.9623,-0.4013,-0.841,-1.0
2004-12,-0.7223,-0.7223,EXPANSION,1.0,-0.3,-0.8773,-1.0,-0.6299,-1.0,-1.0
2005-01,-0.7499,-0.7499,EXPANSION,1.0,-0.3,-1.0,-1.0,-0.8506,-0.7485,-1.0
2005-02,-0.7162,-0.7162,EXPANSION,1.0,-0.1258,-1.0,-1.0,-0.8216,-0.9634,-1.0
2005-03,-0.6809,-0.6809,EXPANSION,1.0,-0.3,-1.0,-1.0,-0.4528,-0.4559,-1.0
2005-04,-0.606,-0.606,EXPANSION,1.0,-0.3,-1.0,-1.0,-0.1437,-0.0168,-1.0
2005-05,-0.5888,-0.5888,EXPANSION,1.0,-0.3,-0.9381,-0.9291,0.1724,-0.4574,-1.0
2005-06,-0.4603,-0.4603,EXPANSION,1.0,-0.3,-0.9018,-0.7427,0.8398,-0.3027,-1.0
2005-07,-0.5565,-0.5565,EXPANSION,1.0,-0.3,-0.89,-0.8179,0.5167,-0.8208,-1.0
2005-08,-0.515,-0.515,EXPANSION,1.0,-0.3,-0.7443,-0.8895,0.3216,-0.4318,-1.0
2005-09,-0.5299,-0.5299,EXPANSION,1.0,-0.3,-0.6748,-1.0,0.2669,-0.4795,-1.0
2005-10,-0.4822,-0.4822,EXPANSION,1.0,-0.3,-0.6365,-1.0,0.2934,-0.1244,-1.0
2005-11,-0.4557,-0.4557,EXPANSION,1.0,-0.1062,-0.5055,-1.0,0.2403,-0.7147,-1.0
2005-12,-0.4771,-0.4771,EXPANSION,1.0,-0.3,-0.4424,-1.0,0.3536,-0.6186,-1.0
2006-01,-0.4142,-0.4142,EXPANSION,1.0,-0.3,-0.059,-0.9464,0.2697,-0.9714,-1.0
2006-02,-0.4229,-0.4229,EXPANSION,1.0,-0.3,-0.0295,-0.945,-0.0949,-0.7703,-1.0
2006-03,-0.4432,-0.4432,EXPANSION,1.0,-0.3,-0.0961,-0.8495,-0.2662,-0.8261,-1.0
2006-04,-0.4994,-0.4994,EXPANSION,1.0,-0.3,-0.2689,-0.8651,-0.3123,-0.879,-1.0
2006-05,-0.4169,-0.4169,EXPANSION,1.0,-0.3,-0.2736,-0.6752,-0.5586,-0.1758,-1.0
2006-06,-0.3416,-0.3416,EXPANSION,1.0,-0.3,-0.1886,-0.4996,-0.4472,-0.0979,-1.0
2006-07,-0.1634,-0.1634,EXPANSION,1.0,-0.0316,-0.011,-0.2,-0.4883,-0.124,-1.0
2006-08,-0.2073,-0.2073,EXPANSION,1.0,-0.0671,0.0,-0.2,-0.5752,-0.3965,-1.0
2006-09,-0.2911,-0.2911,EXPANSION,1.0,-0.2876,0.0,-0.1233,-0.5448,-0.7573,-1.0
2006-10,-0.2989,-0.2989,EXPANSION,1.0,-0.3,0.0,-0.0667,-0.4553,-1.0,-1.0
2006-11,-0.1868,-0.1868,EXPANSION,1.0,-0.0582,0.0,0.2,-0.5932,-1.0,-1.0
2006-12,-0.2266,-0.2266,EXPANSION,1.0,-0.1542,0.0,0.2333,-0.7704,-1.0,-1.0
2007-01,-0.3043,-0.3043,EXPANSION,1.0,-0.252,0.0,0.06,-0.9068,-1.0,-1.0
2007-02,-0.2894,-0.2894,EXPANSION,1.0,-0.3,0.0,0.0933,-0.8365,-0.844,-1.0
2007-03,-0.3079,-0.3079,EXPANSION,1.0,-0.3,0.0,-0.06,-0.7395,-0.8195,-1.0
2007-04,-0.3132,-0.3132,EXPANSION,1.0,-0.3,0.0,0.0933,-0.9191,-1.0,-1.0
2007-05,-0.2827,-0.2827,EXPANSION,1.0,-0.1667,0.0,0.0867,-1.0,-1.0,-1.0
2007-06,-0.4606,-0.4606,EXPANSION,1.0,-0.268,-0.361,-0.2,-1.0,-1.0,-1.0
2007-07,-0.2198,-0.2198,EXPANSION,1.0,-0.0084,-0.0433,-0.2,-1.0,-0.1639,-1.0
2007-08,-0.2065,-0.2065,EXPANSION,1.0,0.1914,-0.1804,-0.2,-1.0,-0.2883,-1.0
2007-09,-0.1264,-0.1264,EXPANSION,1.0,0.5877,-0.2295,-0.06,-1.0,-0.8337,-1.0
2007-10,-0.1667,-0.1667,EXPANSION,1.0,0.6151,-0.3482,-0.0933,-1.0,-0.9551,-1.0
2007-11,-0.0707,-0.0707,EXPANSION,1.0,0.4338,-0.0535,-0.2,-1.0,0.0258,-1.0
2007-12,0.0293,0.0293,LATE_CYCLE,1.0,0.2159,0.248,0.0967,-0.9475,0.28,-1.0
2008-01,0.3804,0.3804,DETERIORATION,1.0,0.3071,0.4967,0.97,-0.7989,1.0,-1.0
2008-02,0.4744,0.4744,RECESSIONARY_STRESS,1.0,0.5743,0.5,1.0,-0.7289,1.0,-1.0
2008-03,0.5567,0.5567,RECESSIONARY_STRESS,1.0,0.9307,0.5,1.0,-1.0,1.0,-0.95
2008-04,0.5839,0.5839,RECESSIONARY_STRESS,1.0,1.0,0.5,1.0,-1.0,0.7187,-0.26
2008-05,0.5698,0.5698,RECESSIONARY_STRESS,1.0,1.0,0.5,1.0,-1.0,0.4382,0.02
2008-06,0.643,0.643,PANIC,1.0,1.0,0.5,1.0,-1.0,1.0,0.36
2008-07,0.619,0.619,PANIC,1.0,1.0,0.5,1.0,-1.0,1.0,-0.12
2008-08,0.61,0.61,PANIC,1.0,1.0,0.5,1.0,-1.0,1.0,-0.3
2008-09,0.6039,0.6039,PANIC,1.0,1.0,0.5,1.0,-0.7114,1.0,-1.0
2008-10,0.637,0.637,PANIC,1.0,1.0,0.5,1.0,-1.0,1.0,0.24
2008-11,0.6485,0.6485,PANIC,1.0,1.0,0.5,1.0,-1.0,1.0,0.47
2008-12,0.6245,0.6245,PANIC,1.0,1.0,0.5,1.0,-1.0,1.0,-0.01
2009-01,0.619,0.619,PANIC,1.0,1.0,0.5,1.0,-1.0,1.0,-0.12
2009-02,0.6435,0.6435,PANIC,1.0,1.0,0.5,1.0,-1.0,1.0,0.37
2009-03,0.6385,0.6385,PANIC,1.0,1.0,0.5,1.0,-1.0,1.0,0.27
2009-04,0.5995,0.5995,RECESSIONARY_STRESS,1.0,1.0,0.5,1.0,-1.0,1.0,-0.51
2009-05,0.5192,0.5192,RECESSIONARY_STRESS,1.0,1.0,0.5,1.0,-1.0,0.3775,-0.87
2009-06,0.3081,0.3081,DETERIORATION,1.0,1.0,0.0,1.0,-1.0,-0.4186,-1.0
2009-07,0.27,0.27,DETERIORATION,1.0,1.0,0.0,1.0,-1.0,-1.0,-0.6
2009-08,0.1348,0.1348,LATE_CYCLE,1.0,1.0,0.0,0.3167,-1.0,-1.0,-0.57
2009-09,0.0133,0.0133,LATE_CYCLE,1.0,1.0,0.0,-0.1833,-1.0,-1.0,-1.0
2009-10,0.01,0.01,LATE_CYCLE,1.0,1.0,0.0,-0.2,-1.0,-1.0,-1.0
2009-11,0.023,0.023,LATE_CYCLE,1.0,1.0,0.0,-0.2,-1.0,-1.0,-0.74
2009-12,0.0044,0.0044,LATE_CYCLE,1.0,1.0,-0.0223,-0.2,-1.0,-1.0,-1.0
2010-01,0.0076,0.0076,LATE_CYCLE,1.0,1.0,-0.2853,-0.6053,0.5001,-1.0,-1.0
2010-02,0.0126,0.0126,LATE_CYCLE,1.0,1.0,-0.1495,-1.0,1.0,-1.0,-1.0
2010-03,-0.0132,-0.0132,EXPANSION,1.0,1.0,-0.2526,-1.0,1.0,-1.0,-1.0
2010-04,-0.079,-0.079,EXPANSION,1.0,0.8969,-0.3923,-1.0,1.0,-1.0,-1.0
2010-05,-0.0519,-0.0519,EXPANSION,1.0,0.4347,-0.169,-1.0,1.0,0.0994,-1.0
2010-06,0.01,0.01,LATE_CYCLE,1.0,0.2,0.0,-1.0,1.0,1.0,-1.0
2010-07,-0.1438,-0.1438,EXPANSION,1.0,-0.0083,0.0,-1.0,1.0,-0.0234,-0.78
2010-08,0.0031,0.0031,LATE_CYCLE,1.0,-0.0244,0.0,-0.6998,1.0,0.9494,-0.89
2010-09,0.0525,0.0525,LATE_CYCLE,1.0,0.5,0.0,-0.4657,1.0,-0.6331,-0.82
2010-10,0.0839,0.0839,LATE_CYCLE,1.0,0.5,0.0,-0.1262,0.9762,-1.0,-0.77
2010-11,-0.1132,-0.1132,EXPANSION,1.0,0.1356,0.0,-0.4177,0.7964,-1.0,-1.0
2010-12,-0.1467,-0.1467,EXPANSION,1.0,-0.0521,0.0,-0.3396,0.868,-1.0,-1.0
2011-01,-0.2886,-0.2886,EXPANSION,1.0,-0.3,-0.106,-0.3911,0.5607,-1.0,-1.0
2011-02,-0.2257,-0.2257,EXPANSION,1.0,0.1142,-0.2284,-0.3034,0.0778,-1.0,-1.0
2011-03,-0.239,-0.239,EXPANSION,1.0,-0.0476,-0.1796,-0.2,-0.0231,-1.0,-0.75
2011-04,-0.3881,-0.3881,EXPANSION,1.0,-0.3,-0.232,-0.2,-0.5114,-1.0,-0.98
2011-05,-0.4003,-0.4003,EXPANSION,1.0,-0.3,-0.1871,-0.2,-0.7354,-1.0,-1.0
2011-06,-0.3934,-0.3934,EXPANSION,1.0,-0.3,-0.0509,-0.4047,-0.8504,-0.7464,-1.0
2011-07,-0.359,-0.359,EXPANSION,1.0,-0.3,-0.0435,-0.6667,-1.0,-0.0628,-0.37
2011-08,-0.033,-0.033,EXPANSION,1.0,-0.2022,0.0,0.0333,-1.0,1.0,0.42
2011-09,-0.0326,-0.0326,EXPANSION,1.0,-0.2502,0.0,0.2,-1.0,1.0,0.05
2011-10,-0.0827,-0.0827,EXPANSION,1.0,-0.2342,0.0,0.2,-1.0,0.5154,-0.08
2011-11,-0.2297,-0.2297,EXPANSION,1.0,-0.3,0.0,-0.3833,-1.0,0.5548,-0.37
2011-12,-0.3753,-0.3753,EXPANSION,1.0,-0.3,0.0,-0.82,-1.0,0.2818,-0.99
2012-01,-0.4726,-0.4726,EXPANSION,1.0,-0.3,0.0,-0.8633,-1.0,-0.5992,-1.0
2012-02,-0.54,-0.54,EXPANSION,1.0,-0.3,0.0,-1.0,-1.0,-1.0,-1.0
2012-03,-0.54,-0.54,EXPANSION,1.0,-0.3,0.0,-1.0,-1.0,-1.0,-1.0
2012-04,-0.54,-0.54,EXPANSION,1.0,-0.3,0.0,-1.0,-1.0,-1.0,-1.0
2012-05,-0.4424,-0.4424,EXPANSION,1.0,-0.3,0.0,-0.8567,-1.0,-0.3105,-1.0
2012-06,-0.3425,-0.3425,EXPANSION,1.0,-0.252,0.0,-0.1433,-1.0,-0.882,-1.0
2012-07,-0.1764,-0.1764,EXPANSION,1.0,0.0289,0.0,0.2,-1.0,-0.7508,-1.0
2012-08,-0.229,-0.229,EXPANSION,1.0,-0.0902,0.0,0.2,-1.0,-0.9197,-1.0
2012-09,-0.2964,-0.2964,EXPANSION,1.0,-0.2236,0.0,0.1033,-1.0,-1.0,-1.0
2012-10,-0.3432,-0.3432,EXPANSION,1.0,-0.3,0.0,-0.28,-1.0,-0.4725,-1.0
2012-11,-0.2804,-0.2804,EXPANSION,1.0,-0.3,0.0,-0.0133,-1.0,-0.3775,-1.0
2012-12,-0.3013,-0.3013,EXPANSION,1.0,-0.3,0.0,-0.09,-1.0,-0.4326,-1.0
2013-01,-0.3567,-0.3567,EXPANSION,1.0,-0.3,0.0,-0.0833,-1.0,-1.0,-1.0
2013-02,-0.3907,-0.3907,EXPANSION,1.0,-0.3,0.0,-0.2533,-1.0,-1.0,-1.0
2013-03,-0.388,-0.388,EXPANSION,1.0,-0.3,0.0,-0.24,-1.0,-1.0,-1.0
2013-04,-0.4,-0.4,EXPANSION,1.0,-0.3,0.0,-0.3,-1.0,-1.0,-1.0
2013-05,-0.4392,-0.4392,EXPANSION,1.0,-0.3,-0.0023,-0.4933,-1.0,-1.0,-1.0
2013-06,-0.5093,-0.5093,EXPANSION,1.0,-0.3,0.0,-0.8467,-1.0,-1.0,-1.0
2013-07,-0.5549,-0.5549,EXPANSION,1.0,-0.3,-0.0595,-1.0,-1.0,-1.0,-1.0
2013-08,-0.5647,-0.5647,EXPANSION,1.0,-0.3,-0.1127,-1.0,-1.0,-0.9656,-1.0
2013-09,-0.576,-0.576,EXPANSION,1.0,-0.3,-0.144,-1.0,-1.0,-1.0,-1.0
2013-10,-0.5669,-0.5669,EXPANSION,1.0,-0.3,-0.1077,-1.0,-1.0,-1.0,-1.0
2013-11,-0.5737,-0.5737,EXPANSION,1.0,-0.3,-0.1347,-1.0,-1.0,-1.0,-1.0
2013-12,-0.6194,-0.6194,EXPANSION,1.0,-0.3,-0.3176,-1.0,-1.0,-1.0,-1.0
2014-01,-0.6169,-0.6169,EXPANSION,1.0,-0.3,-0.4652,-1.0,-0.6686,-0.937,-1.0
2014-02,-0.6394,-0.6394,EXPANSION,1.0,-0.3,-0.41,-1.0,-0.9687,-1.0,-1.0
2014-03,-0.6254,-0.6254,EXPANSION,1.0,-0.2022,-0.459,-1.0,-1.0,-1.0,-1.0
2014-04,-0.6902,-0.6902,EXPANSION,1.0,-0.3,-0.601,-1.0,-1.0,-1.0,-1.0
2014-05,-0.689,-0.689,EXPANSION,1.0,-0.3,-0.5962,-1.0,-1.0,-1.0,-1.0
2014-06,-0.69,-0.69,EXPANSION,1.0,-0.3,-0.6,-1.0,-1.0,-1.0,-1.0
2014-07,-0.6653,-0.6653,EXPANSION,1.0,-0.3,-0.6077,-1.0,-1.0,-0.7337,-1.0
2014-08,-0.6724,-0.6724,EXPANSION,1.0,-0.3,-0.5295,-1.0,-1.0,-1.0,-1.0
2014-09,-0.6451,-0.6451,EXPANSION,1.0,-0.3,-0.5319,-1.0,-1.0,-0.7208,-1.0
2014-10,-0.6441,-0.6441,EXPANSION,1.0,-0.3,-0.4164,-1.0,-1.0,-1.0,-1.0
2014-11,-0.5936,-0.5936,EXPANSION,1.0,-0.3,-0.3406,-1.0,-0.6842,-1.0,-1.0
2014-12,-0.5856,-0.5856,EXPANSION,1.0,-0.3,-0.2695,-0.9985,-0.8734,-0.9122,-1.0
2015-01,-0.5051,-0.5051,EXPANSION,1.0,-0.3,-0.227,-0.988,-0.9702,-0.1376,-1.0
2015-02,-0.6071,-0.6071,EXPANSION,1.0,-0.3,-0.2684,-1.0,-1.0,-1.0,-1.0
2015-03,-0.5655,-0.5655,EXPANSION,1.0,-0.3,-0.3036,-1.0,-1.0,-0.496,-1.0
2015-04,-0.557,-0.557,EXPANSION,1.0,-0.3,-0.2509,-1.0,-1.0,-0.5431,-1.0
2015-05,-0.5252,-0.5252,EXPANSION,1.0,-0.3,-0.109,-1.0,-1.0,-0.5795,-1.0
2015-06,-0.4338,-0.4338,EXPANSION,1.0,-0.3,-0.0382,-1.0,-0.7544,-0.0885,-1.0
2015-07,-0.4396,-0.4396,EXPANSION,1.0,-0.3,0.0,-1.0,-0.6409,-0.3547,-1.0
2015-08,-0.308,-0.308,EXPANSION,1.0,-0.3,0.0,-1.0,-0.5567,0.8766,-1.0
2015-09,-0.2299,-0.2299,EXPANSION,1.0,-0.3,0.0,-0.6133,-0.6726,1.0,-1.0
2015-10,-0.3054,-0.3054,EXPANSION,1.0,-0.3,0.0,-0.2967,-0.7729,-0.2876,-1.0
2015-11,-0.2273,-0.2273,EXPANSION,1.0,-0.3,0.0,-0.0133,-0.6327,-0.2136,-1.0
2015-12,-0.1895,-0.1895,EXPANSION,1.0,-0.3,0.0,0.17,-0.9168,0.0821,-1.0
2016-01,-0.0943,-0.0943,EXPANSION,1.0,-0.3,0.0,0.1533,-0.8244,0.9743,-1.0
2016-02,-0.1091,-0.1091,EXPANSION,1.0,-0.3,0.0,0.2,-1.0,0.9094,-1.0
2016-03,-0.3309,-0.3309,EXPANSION,1.0,-0.3,0.0,-0.3433,-0.8236,-0.3984,-1.0
2016-04,-0.3711,-0.3711,EXPANSION,1.0,-0.3,0.0,-0.43,-1.0,-0.4513,-1.0
2016-05,-0.3775,-0.3775,EXPANSION,1.0,-0.3,0.0,-0.3014,-1.0,-0.7718,-1.0
2016-06,-0.3046,-0.3046,EXPANSION,1.0,-0.3,0.0,0.0077,-1.0,-0.6611,-1.0
2016-07,-0.3225,-0.3225,EXPANSION,1.0,-0.3,-0.0855,0.1943,-1.0,-1.0,-1.0
2016-08,-0.4184,-0.4184,EXPANSION,1.0,-0.3,-0.1161,-0.2468,-1.0,-1.0,-1.0
2016-09,-0.484,-0.484,EXPANSION,1.0,-0.3,-0.119,-0.6219,-1.0,-0.8989,-1.0
2016-10,-0.5282,-0.5282,EXPANSION,1.0,-0.3,-0.188,-1.0,-1.0,-0.4121,-1.0
2016-11,-0.5836,-0.5836,EXPANSION,1.0,-0.3,-0.234,-1.0,-1.0,-0.8508,-1.0
2016-12,-0.6488,-0.6488,EXPANSION,1.0,-0.3,-0.4648,-1.0,-1.0,-0.9261,-1.0
2017-01,-0.6594,-0.6594,EXPANSION,1.0,-0.284,-0.572,-0.9059,-1.0,-1.0,-1.0
2017-02,-0.6863,-0.6863,EXPANSION,1.0,-0.332,-0.5779,-0.9613,-1.0,-1.0,-1.0
2017-03,-0.727,-0.727,EXPANSION,1.0,-0.4234,-0.6,-1.0,-1.0,-1.0,-1.0
2017-04,-0.7313,-0.7313,EXPANSION,1.0,-0.4976,-0.5279,-1.0,-1.0,-1.0,-1.0
2017-05,-0.6985,-0.6985,EXPANSION,1.0,-0.3665,-0.5541,-1.0,-1.0,-1.0,-1.0
2017-06,-0.6935,-0.6935,EXPANSION,1.0,-0.3,-0.6168,-1.0,-0.993,-1.0,-1.0
2017-07,-0.6997,-0.6997,EXPANSION,1.0,-0.3,-0.7285,-1.0,-0.7756,-1.0,-1.0
2017-08,-0.6867,-0.6867,EXPANSION,1.0,-0.3,-0.6991,-1.0,-0.7767,-0.9424,-1.0
2017-09,-0.6782,-0.6782,EXPANSION,1.0,-0.3,-0.6985,-1.0,-0.636,-1.0,-1.0
2017-10,-0.679,-0.679,EXPANSION,1.0,-0.2556,-0.8443,-0.9437,-0.5257,-1.0,-1.0
2017-11,-0.6661,-0.6661,EXPANSION,1.0,-0.1702,-0.8845,-1.0,-0.4389,-1.0,-1.0
2017-12,-0.6914,-0.6914,EXPANSION,1.0,-0.3,-0.979,-0.9319,-0.2031,-1.0,-1.0
2018-01,-0.7156,-0.7156,EXPANSION,1.0,-0.3,-1.0,-1.0,-0.2561,-1.0,-1.0
2018-02,-0.7622,-0.7622,EXPANSION,1.0,-0.6076,-1.0,-0.9393,0.0793,-1.0,-1.0
2018-03,-0.6983,-0.6983,EXPANSION,1.0,-0.6493,-1.0,-0.9644,0.2398,-0.3459,-1.0
2018-04,-0.6701,-0.6701,EXPANSION,1.0,-0.5839,-1.0,-1.0,0.2773,-0.2262,-1.0
2018-05,-0.7245,-0.7245,EXPANSION,1.0,-0.7826,-0.9523,-1.0,0.4631,-0.4795,-1.0
2018-06,-0.6632,-0.6632,EXPANSION,1.0,-0.6779,-0.8548,-1.0,0.4272,-0.3883,-1.0
2018-07,-0.7531,-0.7531,EXPANSION,1.0,-0.8102,-0.7919,-1.0,0.2689,-0.8901,-1.0
2018-08,-0.7831,-0.7831,EXPANSION,1.0,-0.9614,-0.7396,-1.0,0.402,-1.0,-1.0
2018-09,-0.7493,-0.7493,EXPANSION,1.0,-1.0,-0.7595,-0.7659,0.438,-1.0,-1.0
2018-10,-0.5622,-0.5622,EXPANSION,1.0,-0.8345,-0.7459,-0.8345,0.5702,0.3452,-1.0
2018-11,-0.434,-0.434,EXPANSION,1.0,-0.7562,-0.436,-0.6131,0.7969,-0.052,-1.0
2018-12,-0.13,-0.13,EXPANSION,1.0,-0.4752,0.0805,-0.7306,0.8853,1.0,-1.0
2019-01,-0.2234,-0.2234,EXPANSION,1.0,-0.6622,0.3162,-0.6836,0.5772,0.2522,-1.0
2019-02,-0.3134,-0.3134,EXPANSION,1.0,-0.6277,0.2326,-0.7116,0.3252,-0.2341,-1.0
2019-03,-0.3445,-0.3445,EXPANSION,1.0,-0.8113,0.3476,-0.6091,0.339,-0.5006,-1.0
2019-04,-0.4382,-0.4382,EXPANSION,1.0,-1.0,0.2714,-0.4841,0.4074,-1.0,-1.0
2019-05,-0.2244,-0.2244,EXPANSION,1.0,-0.7963,0.4332,-0.497,0.3437,0.2118,-1.0
2019-06,-0.3244,-0.3244,EXPANSION,1.0,-0.7347,0.5865,-0.5552,0.1036,-1.0,-1.0
2019-07,-0.4348,-0.4348,EXPANSION,1.0,-0.8454,0.42,-0.6112,-0.1397,-1.0,-1.0
2019-08,-0.4462,-0.4462,EXPANSION,1.0,-0.8126,0.4473,-0.744,-0.3531,-0.8019,-1.0
2019-09,-0.5936,-0.5936,EXPANSION,1.0,-0.9817,0.415,-1.0,-0.5304,-0.9977,-1.0
2019-10,-0.6133,-0.6133,EXPANSION,1.0,-0.9494,0.39,-1.0,-0.7597,-1.0,-1.0
2019-11,-0.6674,-0.6674,EXPANSION,1.0,-0.7988,0.0889,-1.0,-1.0,-1.0,-1.0
2019-12,-0.6323,-0.6323,EXPANSION,1.0,-0.5396,-0.0819,-1.0,-1.0,-1.0,-1.0
2020-01,-0.6678,-0.6678,EXPANSION,1.0,-0.7334,0.009,-1.0,-1.0,-1.0,-1.0
2020-02,-0.5319,-0.5319,EXPANSION,1.0,-1.0,0.3068,-1.0,-1.0,0.4139,-1.0
2020-03,-0.215,-0.215,EXPANSION,1.0,-0.3,0.5,-1.0,-1.0,1.0,-1.0
2020-04,0.2839,0.2839,DETERIORATION,1.0,0.7083,0.5,0.2,-1.0,0.5641,-1.0
2020-05,0.3443,0.3443,DETERIORATION,1.0,1.0,0.5,0.4831,-1.0,-0.2727,-1.0
2020-06,0.3918,0.3918,DETERIORATION,1.0,1.0,0.5,0.8474,-1.0,-0.5267,-1.0
2020-07,0.1042,0.1042,LATE_CYCLE,1.0,1.0,0.3927,-0.2201,-1.0,-1.0,-1.0
2020-08,-0.2816,-0.2816,EXPANSION,1.0,0.2,0.3243,-0.8632,-1.0,-1.0,-1.0
2020-09,-0.2938,-0.2938,EXPANSION,1.0,0.2,0.3848,-1.0,-1.0,-1.0,-1.0
2020-10,-0.2963,-0.2963,EXPANSION,1.0,0.2,0.3524,-1.0,-1.0,-0.944,-1.0
2020-11,-0.3586,-0.3586,EXPANSION,1.0,0.2,0.1258,-1.0,-1.0,-1.0,-1.0
2020-12,-0.4074,-0.4074,EXPANSION,1.0,0.2,-0.0695,-1.0,-1.0,-1.0,-1.0
2021-01,-0.4243,-0.4243,EXPANSION,1.0,0.2,-0.1374,-1.0,-1.0,-1.0,-1.0
2021-02,-0.3991,-0.3991,EXPANSION,1.0,0.2836,-0.1368,-1.0,-1.0,-1.0,-1.0
2021-03,-0.4321,-0.4321,EXPANSION,1.0,0.2,-0.1683,-1.0,-1.0,-1.0,-1.0
2021-04,-0.4719,-0.4719,EXPANSION,1.0,0.2,-0.3276,-1.0,-1.0,-1.0,-1.0
2021-05,-0.6153,-0.6153,EXPANSION,1.0,-0.3,-0.301,-1.0,-1.0,-1.0,-1.0
2021-06,-0.6335,-0.6335,EXPANSION,1.0,-0.3,-0.3741,-1.0,-1.0,-1.0,-1.0
2021-07,-0.6335,-0.6335,EXPANSION,1.0,-0.3,-0.3738,-1.0,-1.0,-1.0,-1.0
2021-08,-0.6259,-0.6259,EXPANSION,1.0,-0.3,-0.3436,-1.0,-1.0,-1.0,-1.0
2021-09,-0.6441,-0.6441,EXPANSION,1.0,-0.3,-0.4448,-1.0,-1.0,-0.9294,-1.0
2021-10,-0.665,-0.665,EXPANSION,1.0,-0.3,-0.5,-1.0,-1.0,-1.0,-1.0
2021-11,-0.652,-0.652,EXPANSION,1.0,-0.3,-0.5,-1.0,-1.0,-1.0,-0.74
2021-12,-0.7767,-0.7767,EXPANSION,1.0,-0.7605,-0.4662,-0.9099,-1.0,-1.0,-1.0
2022-01,-0.6423,-0.6423,EXPANSION,1.0,-0.5027,-0.479,-1.0,-1.0,-0.3576,-0.72
2022-02,-0.5441,-0.5441,EXPANSION,1.0,-0.6672,-0.2663,-1.0,-1.0,0.3662,-0.28
2022-03,-0.7285,-0.7285,EXPANSION,1.0,-0.8474,-0.6339,-1.0,-1.0,-0.1883,0.06
2022-04,-0.7298,-0.7298,EXPANSION,1.0,-0.9389,-0.8885,-1.0,-1.0,1.0,-0.52
2022-05,-0.6237,-0.6237,EXPANSION,1.0,-0.9545,-0.5814,-1.0,-1.0,1.0,0.16
2022-06,-0.6172,-0.6172,EXPANSION,1.0,-0.9943,-0.6757,-1.0,-1.0,1.0,1.0
2022-07,-0.2755,-0.2755,EXPANSION,1.0,-0.934,-0.0805,-0.1762,-0.824,1.0,0.85
2022-08,-0.1137,-0.1137,EXPANSION,1.0,-0.8405,0.2787,-0.0543,-0.2936,1.0,0.18
2022-09,-0.0587,-0.0587,EXPANSION,1.0,-1.0,0.0776,0.3503,0.448,1.0,0.14
2022-10,0.1116,0.1116,LATE_CYCLE,1.0,-1.0,0.366,0.5978,1.0,1.0,0.01
2022-11,0.0666,0.0666,LATE_CYCLE,1.0,-1.0,0.3745,0.8377,1.0,-0.1106,0.33
2022-12,0.1277,0.1277,LATE_CYCLE,1.0,-1.0,0.1776,1.0,1.0,0.8228,0.02
2023-01,-0.0414,-0.0414,EXPANSION,1.0,-1.0,0.1705,1.0,1.0,-0.5948,-0.49
2023-02,-0.0366,-0.0366,EXPANSION,1.0,-1.0,0.0474,1.0,1.0,-0.1394,-0.69
2023-03,0.011,0.011,LATE_CYCLE,1.0,-0.8538,0.2513,1.0,1.0,-0.8574,-0.2
2023-04,-0.0081,-0.0081,EXPANSION,1.0,-0.8706,0.2695,1.0,1.0,-0.9585,-0.37
2023-05,0.0362,0.0362,LATE_CYCLE,1.0,-0.8953,0.3927,1.0,1.0,-0.9844,0.1
2023-06,0.0835,0.0835,LATE_CYCLE,1.0,-0.4901,0.2062,1.0,1.0,-1.0,-0.42
2023-07,-0.0119,-0.0119,EXPANSION,1.0,-0.5745,0.042,1.0,1.0,-1.0,-1.0
2023-08,0.0128,0.0128,LATE_CYCLE,1.0,-0.5019,0.0496,0.99,1.0,-1.0,-0.94
2023-09,-0.0361,-0.0361,EXPANSION,1.0,-0.8265,0.0,0.9202,1.0,-0.3322,-0.78
2023-10,0.1313,0.1313,LATE_CYCLE,1.0,-0.9583,0.6884,0.6884,1.0,0.2803,-0.38
2023-11,-0.0045,-0.0045,EXPANSION,1.0,-0.7783,0.493,0.5613,1.0,-1.0,-0.13
2023-12,-0.1106,-0.1106,EXPANSION,1.0,-0.7774,0.2871,0.4969,1.0,-1.0,-0.97
2024-01,-0.1403,-0.1403,EXPANSION,1.0,-0.7322,0.273,0.3056,1.0,-1.0,-1.0
2024-02,-0.215,-0.215,EXPANSION,1.0,-0.8333,0.18,0.2,1.0,-1.0,-1.0
2024-03,-0.2342,-0.2342,EXPANSION,1.0,-0.75,0.0902,0.0911,1.0,-1.0,-1.0
2024-04,-0.4045,-0.4045,EXPANSION,1.0,-0.7083,0.1136,-0.852,1.0,-1.0,-1.0
2024-05,-0.3489,-0.3489,EXPANSION,1.0,-0.615,0.0585,-0.6678,1.0,-1.0,-0.91
2024-06,-0.1973,-0.1973,EXPANSION,1.0,-0.2683,0.1,-0.5039,1.0,-1.0,-0.82
2024-07,-0.0821,-0.0821,EXPANSION,1.0,0.109,0.0776,-0.5109,1.0,-1.0,-0.64
2024-08,0.0356,0.0356,LATE_CYCLE,1.0,0.2141,0.183,-0.1744,1.0,-1.0,-0.79
2024-09,0.0167,0.0167,LATE_CYCLE,1.0,0.1862,0.129,-0.1071,1.0,-1.0,-1.0
2024-10,0.0404,0.0404,LATE_CYCLE,1.0,0.2317,0.0,0.1046,1.0,-1.0,-1.0
2024-11,-0.0759,-0.0759,EXPANSION,1.0,-0.1283,0.0,0.063,1.0,-1.0,-1.0
2024-12,-0.1221,-0.1221,EXPANSION,1.0,-0.2953,-0.0005,0.2157,0.7349,-1.0,-1.0
2025-01,-0.4291,-0.4291,EXPANSION,1.0,-0.5432,-0.2862,-0.5876,0.7295,-1.0,-1.0
2025-02,-0.3014,-0.3014,EXPANSION,1.0,-0.4182,-0.1189,-0.593,0.7481,-0.7888,-0.47
2025-03,0.0087,0.0087,LATE_CYCLE,1.0,-0.2362,0.0857,-0.4528,0.8157,0.5212,0.3
2025-04,0.2612,0.2612,DETERIORATION,1.0,0.0118,0.5174,-0.2648,0.7163,0.7061,0.78
2025-05,0.0544,0.0544,LATE_CYCLE,1.0,-0.1464,0.1148,0.1221,0.4059,-0.3438,0.78
2025-06,0.0653,0.0653,LATE_CYCLE,1.0,0.1393,0.0626,0.3482,0.4169,-1.0,-0.07
2025-07,-0.1766,-0.1766,EXPANSION,1.0,-0.0612,0.0,-0.3693,0.2414,-1.0,-0.17
2025-08,-0.1879,-0.1879,EXPANSION,1.0,-0.1004,0.0,-0.37,0.0719,-1.0,0.18
2025-09,-0.1072,-0.1072,EXPANSION,1.0,0.1687,-0.0548,-0.4266,0.1669,-1.0,0.49
2025-10,-0.1281,-0.1281,EXPANSION,1.0,-0.0149,-0.0841,-0.2621,0.1783,-1.0,0.64
2025-11,-0.1079,-0.1079,EXPANSION,1.0,0.069,-0.1162,-0.2962,0.1467,-1.0,0.9
2025-12,0.0115,0.0115,LATE_CYCLE,1.0,0.1083,-0.4636,0.579,0.4361,-1.0,0.71
2026-01,-0.1805,-0.1805,EXPANSION,1.0,0.0917,-0.5,-0.1592,0.3079,-1.0,0.36
2026-02,-0.3407,-0.3407,EXPANSION,1.0,-0.273,-0.4379,-0.5496,0.2946,-0.8585,0.34
2026-03,-0.189,-0.189,EXPANSION,1.0,0.0083,-0.4064,-0.7809,-0.0592,0.3873,0.67
2026-04,-0.4165,-0.4165,EXPANSION,1.0,-0.4209,-0.5,-0.6061,0.0602,-1.0,1.0
2026-05,-0.442,-0.442,EXPANSION,1.0,-0.4412,-0.5,-0.664,-0.0187,-1.0,1.0
2026-06,-0.6126,-0.6126,EXPANSION,1.0,-0.8998,-0.5,-0.541,-0.5953,-1.0,1.0
2026-07,-0.5796,-0.5796,EXPANSION,1.0,-0.6302,-0.5,-0.667,-0.5617,-1.0,0.48
2026-08,-0.4964,-0.4964,EXPANSION,1.0,-0.3493,-0.5,-0.7359,-0.6088,-1.0,0.83
2026-09,-0.566,-0.566,EXPANSION,1.0,-0.4738,-0.5,-0.8157,-0.7726,-1.0,0.83
2026-10,-0.5498,-0.5498,EXPANSION,1.0,-0.4702,-0.4392,-0.8157,-0.7726,-1.0,0.83
